Sequence Name,Name,Minimum,Maximum,Length
ABR2,G,346,345,0
ABR3,G,346,345,0
ABR4,G,346,345,0
ABR5,G,346,345,0
ABR6,G,346,345,0
ABR7,G,346,345,0
ABR9,G,346,345,0
Adi_10,G,346,345,0
Adi_12,G,346,345,0
Adi_2,G,346,345,0
Arn1,G,346,345,0
Bd1_1,G,346,345,0
Bd18_1,G,346,345,0
Bd2_3,G,346,345,0
Bd21.v3,G,346,345,0
Bd21_3,G,346,345,0
Bd29_1,G,346,345,0
Bd3_1,G,346,345,0
Bd30_1,G,346,345,0
BdTR10C,G,346,345,0
BdTR11A,G,346,345,0
BdTR11G,G,346,345,0
BdTR11I,G,346,345,0
BdTR12c,G,346,345,0
BdTR13a,G,346,345,0
BdTR13C,G,346,345,0
BdTR1i,G,346,345,0
BdTR5I,G,346,345,0
BdTR2G,G,346,345,0
BdTR9K,G,346,345,0
BdTR7a,G,346,345,0
BdTR2B,G,346,345,0
BdTR3C,G,346,345,0
BdTR8i,G,346,345,0
Jer1,G,346,345,0
Mon3,G,346,345,0
Koz_1,G,346,345,0
Mig3,G,346,345,0
Bis1,G,346,345,0
Mur1,G,346,345,0
Sig2,G,346,345,0
Kah_5,G,346,345,0
Tek_2,G,346,345,0
Tek_4,G,346,345,0
Uni2,G,346,345,0
Foz1,G,346,345,0
Kah_1,G,346,345,0
Koz_3,G,346,345,0
Luc1,G,346,345,0
Per1,G,346,345,0
RON2,G,346,345,0
S8iiC,G,346,345,0
ABR2,C,279,278,0
ABR3,C,279,278,0
ABR4,C,279,278,0
ABR5,C,279,278,0
ABR6,C,279,278,0
ABR7,C,279,278,0
ABR9,C,279,278,0
Adi_10,C,279,278,0
Adi_12,C,279,278,0
Adi_2,C,279,278,0
Arn1,C,279,278,0
Bd1_1,C,279,278,0
Bd18_1,C,279,278,0
Bd2_3,C,279,278,0
Bd21.v3,C,279,278,0
Bd21_3,C,279,278,0
Bd29_1,C,279,278,0
Bd3_1,C,279,278,0
Bd30_1,C,279,278,0
BdTR10C,C,279,278,0
BdTR11A,C,279,278,0
BdTR11G,C,279,278,0
BdTR11I,C,279,278,0
BdTR12c,C,279,278,0
BdTR13a,C,279,278,0
BdTR13C,C,279,278,0
BdTR1i,C,279,278,0
BdTR5I,C,279,278,0
BdTR2G,C,279,278,0
BdTR9K,C,279,278,0
BdTR7a,C,279,278,0
BdTR2B,C,279,278,0
BdTR3C,C,279,278,0
BdTR8i,C,279,278,0
Jer1,C,279,278,0
Mon3,C,279,278,0
Koz_1,C,279,278,0
Mig3,C,279,278,0
Bis1,C,279,278,0
Mur1,C,279,278,0
Sig2,C,279,278,0
Kah_5,C,279,278,0
Tek_2,C,279,278,0
Tek_4,C,279,278,0
Uni2,C,279,278,0
Foz1,C,279,278,0
Kah_1,C,279,278,0
Koz_3,C,279,278,0
Luc1,C,279,278,0
Per1,C,279,278,0
RON2,C,279,278,0
S8iiC,C,279,278,0
ABR8,G,202,201,0
ABR8,C,135,134,0
